,CIF filename,fitness
0,01435c55fe9f44c5a62fd3702daf534a,26.350631713867188
1,95414098502f47e1b0180c38f92669bf,26.350624084472656
2,4107c2090efa46848559ba82425b6156,26.346017837524414
3,87cb85d2d45043e789e09274e4cd4ce3,26.345365524291992
4,b9edffdc001f42a9955a3c5a8a434773,26.345365524291992
5,eb6907334d074c45aa3c919dad30401e,26.345365524291992
6,5fe84afbe52d418c80a0e4e72e988820,26.34535026550293
7,4aa553840d2c44f1a39d39689a67e496,26.34535026550293
8,1585a2b82aef45068c522b3322d7c1e2,26.343557357788086
9,447bcac5f6504a06b5307ddbf0ebf23c,26.343557357788086
10,7df22d546ef94037acb3943c590d29f9,26.34330177307129
11,b27a4fa8190c4b15a14823516fd794bd,26.342870712280273
12,391015270090405ea4ebb96093ef496f,26.342554092407227
13,da1f037e07aa4d489824df79b819c89c,26.342554092407227
14,e0af8d58d1f84f188db07759fff9250a,26.34255027770996
15,fe725483bf0e41a9b7ac32b02af28dea,26.341615676879883
16,8f7a1c5a9f284fbe85f2a7bca8755fb6,26.340473175048828
17,d47de6770aa8481c9645584d2a6157b0,26.340328216552734
18,f1f968ccf5ed4a419b72a0d13736be71,26.34032440185547
19,7fece560b7ad4139bb16e0d89bc95556,26.340290069580078
20,13088fd604704dd492520be05baa603e,26.340219497680664
21,9e263b98313940bcaf142a04032939d2,26.340219497680664
22,3c8f3b1e551b417ea5d5ae58b602d65f,26.34018325805664
23,a617eddc946c460cbc1eba85031dc2a6,26.34018325805664
24,1064a30efc3f4bdbae110d3b3b9e7c11,26.339963912963867
25,7df01846538a4443ae5feba58abb9ec2,26.33993911743164
26,efe0d5a9d6bf435d96e36206afb542c5,26.33993911743164
27,fd00026b3ddd405e92ec48db19b8b7ce,26.33980369567871
28,daf041dd64a64ab1a277f01920b17250,26.339794158935547
29,1fa119d48de8437c9810a9714d403a38,26.339719772338867
30,476c46b616a34502b1cdb1836e51a2f5,26.33971405029297
31,aa22250137fa472498e857d039423837,26.33971405029297
32,c5c863cab8ef411c8d801537fc744121,26.33971405029297
33,ad654dc6b6454dde8edebc6a8224ca48,26.33971405029297
34,1154954676604f80bd582e7bc1f66591,26.33971405029297
35,ac87e54ffaa846eaa323f9845956afe1,26.33971405029297
36,b7fc38d4416646b69032e5d788e3db5b,26.33971405029297
37,79ab64f8b55c4a99afda764755cec99c,26.339712142944336
38,2513054169ab402b85ed4357172c48fd,26.33932876586914
39,3cbca9e711bc4498b942242acd4c04e8,26.338823318481445
40,db5dc409f341463d927a17b0819fcd87,26.33877182006836
41,3dd9253e02e84d399e3619a9a5198bf4,26.33875274658203
42,55e0b37782004f72adcffa9817c755cf,26.33850860595703
43,08fdcb8f985443c8b6fb62dbb101a8dc,26.338420867919922
44,f2db872bc6bf424f833751afecf2b9f4,26.338420867919922
45,1a9e8b0cfe974672988f07110894640c,26.338382720947266
46,7c64ed0ee7004d7d84931f63b2d51e08,26.338228225708008
47,874e9524b02d4ea8921c256ec82051fd,26.338212966918945
48,be5dc9f5f37e4586969636dafcd82671,26.337955474853516
49,68affb113ea047089dab30c1ed6997b5,26.337862014770508
50,67de52995ea3483fb47ee6afc1997fb8,26.3341064453125
51,beb4f76ecee54d12a2db8eeb4841e4ee,26.344179153442383
52,7f037aefdc3d40418fbe6f7cb06098e1,26.330846786499023
53,31adfa493bfc473aa28ea566264fb2c2,26.342554092407227
54,77104591108741d49069a4498d38fd87,26.349769592285156
55,4128f13fbf8d412095141576ee8f044b,26.350624084472656
56,16041957ac9c4fc4a4cc33d52e17a929,26.341957092285156
57,eb2a8dfac8f644ba92c2986cda98240e,26.341421127319336
58,eb373c70d24d4f8d91a04e7be151edc8,26.327672958374023
59,f49a032adc42433697786b169fd126f3,26.34439468383789
60,8f0d49604e1c4a0c899c7e8f61c840c1,26.34794807434082
61,bf8aee903b884b94a8dfe750cc200b34,26.339719772338867
62,c48c6d19df8249af8a7555365d9811e9,26.33588409423828
63,1be2c09718b944d3aa12c052b81b3486,26.346763610839844
64,7ce9abca26014880a9a1441c2d574af9,26.32908821105957
65,38019f6965e44238b1237f82804795da,26.338523864746094
66,d24bd67270904a5e97b3e2f047def384,26.340028762817383
67,13c373aa23a74a5a9dd7e5868f495392,26.33640480041504
68,3d20cdfa028840e7aae847a6e144a101,26.350624084472656
69,e2eb5ea9955741f6b0a46027bfbe91b0,26.34255027770996
70,8a8c6312bd4947cc8bee9c42042aa41e,26.335229873657227
71,4f615acbf52f42088fe6c8954c4891a7,26.346017837524414
72,d9769b05df7b4b2a999115e10cfdb76d,26.33911895751953
73,e1ff641ad0344e458ee2ae7dd3b12831,26.345365524291992
74,cb2760c492a34fbca2f6f86f13ba7276,26.337324142456055
75,305d250397cd4a6e939c968411095daf,26.33971405029297
76,393a98f1ecb9451585c3a7cd0e3affd4,26.34426498413086
77,4b3dece399374dff8b6927ddf7cb8de2,26.341354370117188
78,f4500f34ea494074b917fefd3d3593f2,26.32936668395996
79,26819a093cad4de18d2ef2f746abaed7,26.345365524291992
80,871f83e999434d4c82f2a318a3d0bae6,26.34535026550293
81,c1b236cf75ce462c94646e90487c9198,26.34316635131836
82,6808fab74798492eb5d569fa81a9fac2,26.32936668395996
83,a526dcee075e40149278ede69d9b41c5,26.346120834350586
84,6cab6a116c4d431f9ca28aeeea6cdaf6,26.340301513671875
85,45e752060d9044d2b7c8b17b91ef41cd,26.33877182006836
86,afd37e13be62472291349115c1cb562f,26.344257354736328
87,7342b185652c4dfdaec7dfffa1bf6a84,26.34255027770996
88,9124bd27d4b94e6bb82fd3c83f021f73,26.34497833251953
89,ab7cd78d766340fe802798605b8ba57b,26.328954696655273
90,673d8c44a85343f39f30ddd75431b556,26.344547271728516
91,e3b0ef7dbbc1496faba305ba244c9fec,26.342870712280273
92,7911861c8007476cb27d20a462376ad2,26.342870712280273
93,b2b0a94faf494e1687f37c93b6960c31,26.33041000366211
94,7d6b79c5a6be445db0a19a3162033978,26.35186767578125
95,66bc74caf0de4249a8156d7e400bab3f,26.33971405029297
96,7043e1a331fb41f2a2127549cfa2c924,26.338361740112305
97,829f5a96470b4e9999547645571c0268,26.33983612060547
98,aabf295b0ad147f5bcbb00261879450f,26.350624084472656
99,2b9177eaf7e44ff2908d022b31ae3a64,26.342472076416016
100,9d67597ba2d241dd88f72181ef8191cf,26.345020294189453
101,1723fc8d44924028b6155eadd2af16f8,26.33361053466797
102,5bfc61d4c1404989a4c1e62fcae26950,26.333234786987305
103,c17cd567322c432a9ec844c9e65f100c,26.34170913696289
104,abf2648f2c1c40f89571556fa951e1be,26.337316513061523
105,3bac91e15bfe440aa5e1c712c9f359b2,26.343557357788086
106,bcef28f2cd9b419e98d699fc24c1d1df,26.338420867919922
107,c822a8336fa84a3abb879d97018d4577,26.335477828979492
108,a9328fa2a6bf40f0a944f51ff5575541,26.339712142944336
109,82f9fc1e973a4849bdcb16c1ed084f91,26.33971405029297
110,02d31b223ba34e09bb88595b7a3e110c,26.334688186645508
111,5287d344de2f4da093477e86dc21fc1c,26.336750030517578
112,f2da9e127d20413f83448f2f838fe767,26.342554092407227
113,5906303d1cb34c83b13de70046321ab2,26.34927749633789
114,a4e84a3276b64abeae9c5e9119e6d0f5,26.33428955078125
115,31701a7bc5274798b071e2806fe5ec74,26.337535858154297
116,b045e3e0bb25476b86885e6b988dd6da,26.345365524291992
117,89d0a81ac6384415a7bd04e495ac6796,26.34685707092285
118,bcff73b295a14e1f879df8ea142a4ff0,26.34535026550293
119,cee05b03aaf64c19ac43c9772d2491f9,26.33851432800293
120,7c021e3c4b434b28a7aea6abb6ab67d5,26.350624084472656
121,739804708af54e2485066cfc12fd38e4,26.33971405029297
122,6ea1ac3d7634491b9ddc3115d7363f13,26.344635009765625
123,0a408bcbddc94824af5d9b8e329c4aeb,26.339685440063477
124,6333867a232248e58d12cd86d92604f1,26.334524154663086
125,420759f1b75944d193b3fa8d2d63fd20,26.33205795288086
126,e73388aaf71846cb836ff7bc33867e70,26.332006454467773
127,c1c2e4a288a3473f89cc8f8c578246bf,26.328954696655273
128,c8ff2ed7a70d43b6a1cf0b027ba5381e,26.338228225708008
129,694ce0022af743e7ae27ddb379319817,26.33939552307129
130,7eb04ac36e67460398842695442a3e42,26.33079719543457
131,87ea88e16e4348bc8caaf2cf512860b3,26.343557357788086
132,8d786f1503a541e6ae1561a8ebadc4ae,26.345020294189453
133,d45028232d9f45baa811df4e940b96be,26.334794998168945
134,976efa3bcd5541849cef1cd9c1daeb9e,26.342037200927734
135,d56ce2bf493446fa8685947badd814b9,26.337915420532227
136,a4a68ae2e749455cb2c33772290161a8,26.3288631439209
137,bda871e3b62c40bcb6120ed914cb0766,26.34535026550293
138,2bc8e46a93d74474bc95f4df312e8601,26.3448486328125
139,bd0daa55e7054a9aa9f09de093200bcc,26.34640121459961
140,d55d77b4183547f58dd706fba95d0726,26.350631713867188
141,bbb85bebde234201b837daeca1154cb3,26.338645935058594
142,cbe2ec44334c4af9b499d40701eb5004,26.337385177612305
143,264da255581e4e01afe0ad7234de8081,26.33980369567871
144,5ee1944a729a4d819a648ea6f9096528,26.344968795776367
145,03b8aa4e2bed46b3adc321bb3cecddb9,26.34199333190918
146,26ae853294f743109b76d61b683b9905,26.34889030456543
147,735e1dbfaca8415d967d16bb381ea5bb,26.345481872558594
148,7dd5e5303bc941d0952274a1189a75a8,26.343563079833984
149,d4a1d79a96a4495db67f71c7e3482b22,26.342287063598633
150,33d6f8ef2f574056b3259f33e6ef0c08,26.338205337524414
151,6d3497fd81da499dbad26a2d77011126,26.335960388183594
152,0e697cc1c0f8452eaf0b8b244772d0c8,26.34026336669922
153,df8ec7f28c8644d4a87896f800ab8e6c,26.333019256591797
154,e19a53abddfe4465bbf7a4f6b08fafbd,26.34535026550293
155,7cbf0b13c4d445fb94edacfc01431a68,26.336002349853516
156,4812b30f974942fbaadea52879327ba5,26.343557357788086
157,0cd94f6cbe9c4aa78c6a4da1983231f3,26.33350944519043
158,9023b9d62b06481caaff9f2d625efc1c,26.336381912231445
159,b881d2e5a4b04a30a3b9b73af0d351cf,26.342666625976562
160,8e32892a95ce4f129be6f8c3f97b314c,26.33971405029297
161,3429902d5c9d4a7bb876f21036288c6f,26.33519172668457
162,0ed86e40bc5542f692c44a88ca525971,26.34993553161621
163,ad546ea3168241a38be1a4d3ea6e091a,26.339862823486328
164,9ec59fa7b3e0484eaad95180a1ce2786,26.341615676879883
165,76c72630551e47c5911b4a8d38bc2534,26.337631225585938
166,6ec075a502484e8181e04e231ff22a19,26.340526580810547
167,6cfae5ad81324018961980da0026ead5,26.342317581176758
168,e719ad88a53a44c5b49ca1829f58312c,26.33757972717285
169,cd59f900153745e99c7aa106015379ad,26.32925796508789
170,a0d033c1c19c4ceba849acdf5540edc8,26.335498809814453
171,9f595c06c23340bc91eba8326155e4c6,26.338245391845703
172,171be24c0c624e368fc70faeabbd24b2,26.350631713867188
173,c0fd646cc5ba40a7a5c8099d7723a782,26.342269897460938
174,99790f275a284e97a9223c4beffb91fe,26.340238571166992
175,04cd36d247dc45a3aa94534ec5d9743f,26.33833885192871
176,f1fe13b1a8d646abb8153d02d55065f0,26.32902717590332
177,d70bbabed3a34451a31d64409d6bf7a0,26.33806610107422
178,17c5de947c1f4891968272985ddc7f06,26.34255027770996
179,d1ffd7950fd84be8b8efafd4142fb517,26.33731460571289
180,b30b55ad9f7a4fc48500ec48ca9b62e0,26.345365524291992
181,6d2684ec53cd47259517d066fbe774e0,26.331336975097656
182,12b6b8605002461598c2a6bd2f58a1ab,26.340219497680664
183,ccd08a076c3248348b7688939e502b08,26.33367919921875
184,be2f054645b54ea795593ce5f8e4e737,26.34255027770996
185,951074abcedb4efbb7984531e29db15d,26.34135627746582
186,024098a6872b416d9542711ac01b1722,26.33681869506836
187,5e9358df6b474a559edf6d2df9847b6a,26.353342056274414
188,a6e3c3d7264948ab93bda0268d01b441,26.327672958374023
189,c2863e0735f74661b6cd6a88427db1c7,26.33971405029297
190,bd3795aabf8049bbad390a137aea1f97,26.34255027770996
191,79a7b6a5bb0f438c8a644f1be86f7a79,26.324989318847656
192,cd542920921f411390f9353cbf1fe5f9,26.344247817993164
193,787e2225ce234c03b25157183d041a49,26.335968017578125
194,7007d8a8cf6d47b78d16bec56b11159e,26.342321395874023
195,32554b92a0e849058723387ecda29b89,26.32819938659668
196,1184e9a9504f402a94b8f51f6b24f2e9,26.32936668395996
197,513a30d70e7146dd985deac5b6b54712,26.327672958374023
198,de94f9a8e66e4dad9481e7f76a619441,26.332653045654297
199,bdbeeaa33c75423ba1375e2502e9af7f,26.341615676879883
200,80bcf9b6ee9e4f7c9dfac7f9a4a051f1,26.33613395690918
201,dd1ad4d1ae754fb8bcae545e7c247fe4,26.333059310913086
202,ab576103e6c249e4833097dd10aa35a5,26.355287551879883
203,bc8c86663f9d42f2b8fd619c1d35729f,26.335498809814453
204,aea51904188b4db085a1bd1d011d3e7e,26.33949851989746
205,0b3289c0df374d5580349f07be438cc8,26.336509704589844
206,f97adcba17924a549a7fd5c6446f13cb,26.343873977661133
207,e9b189d71f594cd29920bf949e36d20c,26.332435607910156
208,13fc87dada6444dd89f22f7780ae49f6,26.34612464904785
209,fa5bcf6c49c2403e85da5315b1a3ef48,26.339052200317383
210,1ebc94659bc447f89831a406a60c87cc,26.33121109008789
211,e7141ef750e04aeca873a381894179b6,26.33971405029297
212,d7b8c763e0974d14aae6c9883514ed04,26.342554092407227
213,ec63d6a2b3944f9f82242cff9b28df04,26.345258712768555
214,d4c917335abf4a32b4263cc99de32218,26.33847427368164
215,4eb000b7e5214f59b74a9e8de8665c02,26.34168815612793
216,a86951335c2a492ca75ea88e89f3d37b,26.321029663085938
217,26a1a8d681324d22a795194d1cb61995,26.336509704589844
218,7d5d40c8f9a14d95a00a0ddde5f070da,26.342554092407227
219,23122dd351c64c9da0ed426690cb6b01,26.33979034423828
220,406747407ca346c8a9e4041702590da6,26.32936668395996
221,18b2580993cb4a91aa829ba799df4b55,26.34696388244629
222,f83f4b5fea514b3b82a065bae3fc6224,26.32746696472168
223,2ffc8fcb384e4225a2736f3e926655f0,26.3420467376709
224,2bbfcac036ec4025a944b7d33f4d9afc,26.34918212890625
225,a7dd98d17891487a85e73ae53268c49f,26.326190948486328
226,85bc4905aa0c40509d509dc3bf8262da,26.343557357788086
227,f52ccf1ece90474cad48c4596b00e6e2,26.343904495239258
228,7babac3559c64e5fa6b2e547d25d6d36,26.346839904785156
229,8f296c4e51cf4db5af5cb6e03e34b029,26.334550857543945
230,1eec878e1da84dacbcbf830fc796fd08,26.33393096923828
231,5431a099c27e4cf2b5e0382cb4532c75,26.341793060302734
232,2e33ba3f7800437bacc58e6d9d832ef6,26.33841323852539
233,ffc703312722414ca075518638d91f85,26.346538543701172
234,3e7301526f62418b93bc5b4bbca17bfe,26.346839904785156
235,aa455621f0274e3cb0021db2df3d4c1d,26.328975677490234
236,06c8936946524711a215e894da8e7016,26.345727920532227
237,9fddb6db494c46abbcf00568ec797ee3,26.336589813232422
238,4c37c48a5ef54f75a8cc6ad9a7cc4e67,26.3400936126709
239,5641940b70394a8e93c2a5123a74ef51,26.333993911743164
240,60266861e16a4241b029403448b2e278,26.34051513671875
241,5aaca5e51a8048aca84a354a7283df4f,26.341835021972656
242,632f27089f8947fc9456e7b182fd1150,26.338363647460938
243,b31239b077ad4e3a9dcd78e2c55fec0d,26.336444854736328
244,4050df40fb4e43e2a0b9712759e791a0,26.33559799194336
245,89fa383b19a441bf9aeef1f47025485e,26.34222412109375
246,1ff2376a5f3e4f2f9d38d519bb861f54,26.339092254638672
247,3fb0362a69604c79b42ace568fc3613d,26.34396743774414
248,548f6062257142349382eb5234ebf663,26.338420867919922
249,306902ccabe448738079cbc423a6bbbc,26.33769989013672
250,074f37b1ef894098af804c8c7935a7a2,26.328948974609375
251,151e2be8f4904be5ba3540a5e24cc074,26.344942092895508
252,adfae089311f4d5eb91947e93e163f8f,26.33586311340332
253,ae44aba6c76643d4bacd0369f5363582,26.33971405029297
254,34eab7295a6241e48af4cfba8de597f5,26.342498779296875
255,617145648b7c466d852420f4ca425bc9,26.34507942199707
256,74d495564d5748448520bc4f6cf1e394,26.346017837524414
257,3ddc23549ead4552bfb050dd902e2eef,26.350624084472656
258,7677d11db21d41d385db3900c4d4b3ca,26.32980728149414
259,ba6b3c20b18747acab2b66a9dd21d8c6,26.346017837524414
260,a0aa62fb1a9241e48ccf6812326522d1,26.336021423339844
261,b1b761803c934ec692626b203ed71fca,26.339317321777344
262,5b364dfa296747d6a6eb4967b93d3d0a,26.34977912902832
263,26bcc3732f414d5da355e13f1c42ff14,26.33574676513672
264,640547d0ced64ea0802f9f12230fb8d8,26.324825286865234
265,0c352c7c6cde48eda8263aa47026c35e,26.33479881286621
266,67f5c27f1b5f4c8d88534f31601d9998,26.336257934570312
267,24ce8931089d48498753db108471ddeb,26.33971405029297
268,c681b00f7a914b14ba5b8da50dff326d,26.342018127441406
269,69c42317f71c4e4dad41a1776ac907d1,26.346017837524414
270,999c0f79eba840d1becc58831d4ab189,26.337072372436523
271,f85480e38e6842ad82d0ba22694c37ba,26.344070434570312
272,409eebc9735d45dfaf392aa8c242e6c2,26.33580780029297
273,097697f3aca14bb0850d71c4ed18c683,26.340290069580078
274,8113841d80cd4853888752b49c249e2d,26.337690353393555
275,8ff0722d7e4d4555b3962be00e04aed8,26.32936668395996
276,7c13754bbe22445d9d3070319e0a9424,26.338590621948242
277,6efdfccb3c794810b1f1c9c409b19926,26.342443466186523
278,e74faaaa6b5a4427ae9a4371946dba3a,26.337509155273438
279,62b88a6244ca4b30b3e48d3fd18feceb,26.339887619018555
280,c9fec77d997641f7a749fec484dc7ae1,26.344459533691406
281,501e8e892d3d451c9b7bcf471f27e896,26.337541580200195
282,f9a7cb271bc5442a88106c63508efc7d,26.32936668395996
283,615bbdaab37244ef97322676212af687,26.341922760009766
284,ba2dacee91cc40b6ac301fcf8108db85,26.323997497558594
285,aa5e0d0f86d844698f559d7749af49ce,26.34535026550293
286,1dcfd5f7a697440c98207f512e6e96d7,26.342559814453125
287,2a7816f481834e679e3b0db5b3aad404,26.331851959228516
288,4b71ff9ac7334253b0b6438b7d34fccd,26.34051513671875
289,5c340c5a0242450ba9e124f650216456,26.337717056274414
290,74f4252517ff4a8380128ca943e29e20,26.33839988708496
291,619c34dbb8c84b55a120d6128b13271c,26.34024429321289
292,1405a346e3764aa7bdacb73d16bdb5d1,26.33549690246582
293,f425f7a1587146abbe0ba695e97c90e5,26.327341079711914
294,25fe4d187b244560bd02e16bcf7b02d9,26.337541580200195
295,dcd96d8c7bdd4e5a8f2382cd320a53dd,26.339508056640625
296,0358a840e2a2431893a9af8b09837e61,26.350624084472656
297,cda0e6e4d2924d13b970b66d7d44b5c3,26.3420467376709
298,3546fc011340422696528f2f5985ce16,26.352462768554688
299,37f2cd66e4754683a7cfabd3dc394758,26.33868408203125
300,20fe8930ae3d402d9536659c2c790581,26.341753005981445
301,c3c2a7c9fea84404959ec259b122180f,26.344594955444336
302,a55f028a49014ac9a23517e370aa887f,26.34564208984375
303,eeedb5873c1b4fc893e296ecdf02aa11,26.332073211669922
304,d8ddb0773e514d3897dba8cfd72d6942,26.341394424438477
305,e33910d41c224e62aeb2a35b1eb55fb0,26.313364028930664
306,b3fdb22f1c174fe29fdc67b0cf4d9409,26.344621658325195
307,58f2f4a8ce3243a4af6653a52aceb9f3,26.32936668395996
308,9833f2d96b1447f9aabd858919129460,26.33755111694336
309,a60e483d2b0b4a4ebdbc09aca05818f0,26.34054946899414
310,c756936a24c042eea071df7979b0b913,26.338518142700195
311,cfc46f373f6343e8a0ae8effb01da6e0,26.34696388244629
312,0b005a8fc8ad4c4ebfd5a308c3eff314,26.33477783203125
313,323440858f734edb97c691bca09dd612,26.34255027770996
314,d8c2d71115a145bd8cdb6e4379bd9030,26.327672958374023
315,6af383df1c3a439aad9e2037bbb53cc1,26.342445373535156
316,a9f1d793e93a492cb4833a4a28ae089a,26.337535858154297
317,b5e43d1d90f94627bf3c20b7cbdfdf16,26.328937530517578
318,0e049a0ee0ef4eae8b333782263db5e8,26.33993911743164
319,0e1d16f292ff4498a933d105ec42187d,26.325237274169922
320,2056b1bc48c14eacaf6a4c82dfc09be3,26.34204864501953
321,298294f2cd5a455381278523aafd191f,26.33850860595703
322,02f0ad8f2e3346f481b2e4c7520599a6,26.339487075805664
323,750d1bb4788a4301b6496f3b30f9107d,26.338420867919922
324,59699d86f1b24950acb5711c312de622,26.347864151000977
325,dc7a948639eb46c4b09caaf9bbd70e31,26.3375186920166
326,73a2c3b07cf541f781ab6e66d20c67be,26.339685440063477
327,4a19f8ec2ce84bfe9be587d25cbebfb5,26.33971405029297
328,a32ed67cdddc4104b3a03adcd3e6d0a8,26.33062744140625
329,c1ffbde82ac74326a80313c27d0a1d8a,26.336509704589844
330,49d151c856454a1a84126e62276ad5f3,26.330127716064453
331,60f11ffacadb48d1bd457fcbc164495f,26.342554092407227
332,c50a9575970e444a879332e220535fbe,26.350624084472656
333,9b33ed5fabcd4bf39ecabd492abf6e27,26.340585708618164
334,691339fcf5734033aeac9b03a09c5945,26.341793060302734
335,1a6aa8989b7f453da99f87f59673f566,26.346839904785156
336,1d27ec40242c4ec598a504f015b39bb1,26.335477828979492
337,ebae8522154743fd9001b2363dbb81e2,26.328943252563477
338,582daf3a01774be6a7ca63f29dce00db,26.32936668395996
339,e954cc3404724624b9deb4a8f31ddc14,26.335460662841797
340,333455e394e848a8bc7cbadaa97ff0fa,26.34992790222168
341,a510b97ea48646c9ad66afc739096d92,26.344968795776367
342,a2abef3d05c3498bb72e217056bf6ff0,26.349538803100586
343,26803bb8e28842ed86a66ef3d131a463,26.342554092407227
344,eeedcd71021c4add987b11146830d49b,26.341964721679688
345,c221c51a3a0e453a8c8b839a06d16a12,26.346538543701172
346,55cb140378244e4590013c8e401396eb,26.345582962036133
347,43ed9abf84a84f36bb7e49f271c7ae21,26.336668014526367
348,405ab25eb2484839a8a1d2f2b9708a13,26.33971405029297
349,f88c96a6031f41d48de21b16a42a02a3,26.341135025024414
350,29cb1b8d2c1643a19de2d8ea3c657ed9,26.33307456970215
351,92b0880517624706aa134db72b34fdbb,26.341659545898438
352,3f2ee172921d4c76baec2e2d307b7016,26.328954696655273
353,f64969c0a78f4db68125ae0b1abbd935,26.346839904785156
354,fc5e48590be549b9bcfd25eefcb1655a,26.33412742614746
355,0f27b99f5ddc4823ac5c8255f6c04cc2,26.340227127075195
356,7d203a0c760a40c7bc63e97c5930aa1a,26.334875106811523
357,9b2ccebd0f2a45c18b3b039a34cfbdb4,26.34125518798828
358,1b719a8dd37e4aab98647eef73710d3f,26.350624084472656
359,4210d97cab32439eac83163e82739f02,26.342554092407227
360,8bcdb80f4117467380aa0e3814677c65,26.33971405029297
361,262223c9bd0a465c8894018f2823569b,26.346939086914062
362,a4beeca109454121bef2de1d9abd64b0,26.33165168762207
363,426680d5b2f44d83b120095bb14086c2,26.340473175048828
364,d0da8076e63243e3b6fa1809b686ddb6,26.33971405029297
365,7e1023e19e8c4ced8e82ced439e021d3,26.346939086914062
366,678ce8d56cac4d9bad0c80f5308b4922,26.323997497558594
367,6d399559c79040b0b9bd29ec2b8546aa,26.33460807800293
368,c02fb67b1a2b4685b0cacbb3906420ed,26.345561981201172
369,0fe43c97ce49418d82b8ba8936bfb03d,26.33243179321289
370,5dcf91a83ce04e6d98d49f471fc042b6,26.33625030517578
371,c93a523f30204a3ab8c4d09922118737,26.335126876831055
372,b78eae939a8e4b0499fa3f2d7df33b54,26.36152458190918
373,3d81a84ffcf84539ab88ba59a2e14e16,26.33971405029297
374,f1bd0c629e7e49b1bdb0641daf753b92,26.342641830444336
375,62f96d86364b4bfb83f9131d0b96acb4,26.336509704589844
376,f53dd046561746098c187325ad44d8c8,26.34535026550293
377,a82683ccf19643cdbc13835001414ea0,26.34130096435547
378,4959146fc87646c1a27466c9e7279a3b,26.350908279418945
379,e399e9752e6d4e8694331210d6e57b9b,26.34077262878418
380,fa0f7aca597f496f8d093512a9707572,26.328214645385742
381,24623b373be84685adff2e1d2b5144f1,26.336002349853516
382,8696f52c8e9f47ada6c2928c236a56ce,26.342554092407227
383,d2370b536a2d4f3f83bdcc63352fbe0e,26.33053970336914
384,4f9079a38e1846828e81b6321f1d6538,26.33580780029297
385,68f188ffa06c4012a551ac16ff965de0,26.33539390563965
386,1b343fd8e9ab4c7893050543e46bc02a,26.347557067871094
387,a46bd3c4f1cf4289bcc34ab8e5c7d622,26.34585189819336
388,02dde02c9f094ee081d958cbeb01819d,26.346839904785156
389,918dae45245544c5bf287dd7807690d4,26.339563369750977
390,b691c971388340ba8224759da2c35f7d,26.336345672607422
391,48d48a144cf24ab6a0c43dc6b2ffdbf9,26.33932876586914
392,f2e034371efa4f85a9fcf6d26c969c96,26.342554092407227
393,dac705d698904867852356148c370498,26.353857040405273
394,5bf88affca0144c48ee1d410144e34cb,26.33971405029297
395,66a2c67b3ada4aeb9782f24c80de84c7,26.34330177307129
396,60983489e7b241878270d589f5e84dd9,26.34535026550293
397,cb17e0eed42f46af9a8dddf45850c69d,26.343128204345703
398,d00f776aa1854c07b38115a0fbf1422f,26.343088150024414
399,41a345654cdb479dbb2a2ad17855f02c,26.346017837524414
400,77b4b69ea9004619ba1bba0ce05ef8a0,26.343868255615234
401,7d83f760fe58469ba3099e6e72cac9db,26.336589813232422
402,31bbbe42f74b44dea890521024b4114a,26.337675094604492
403,716f54d232f443b89fe335b4cd6e6653,26.336509704589844
404,1da499314109423aa9a584e565118d33,26.338571548461914
405,333881af92154ffa90072de7e9741ad6,26.34255027770996
406,fa496752eaea42f081079194c2002ca2,26.353857040405273
407,657227a3cb484995a9a3dd95fa5a6ee1,26.340686798095703
408,623e656e8f534e50aef1dd06d2acea86,26.337631225585938
409,9be00138b3c845d3a57a2056629d02d4,26.34884262084961
410,d20eae727b744387bd555d47c9521997,26.350631713867188
411,21d78bf5e41e43e9982fcebe80de265d,26.32762336730957
412,70ee77e23b4441b985eeaf7e5d29a67c,26.338802337646484
413,05dd7592f20b4bd3baf1ed88124aefc4,26.33754539489746
414,40960547406c49718e029bf49d2e6579,26.355287551879883
415,92036241d9ba407ebf0b28a73f703989,26.34157371520996
416,04dbefb262444daf943b9115b65c37f2,26.328954696655273
417,cd5e81ccc6304e008800a31b6a31245a,26.340473175048828
418,22ddc3999b484a35aa5c93437c8233f6,26.339712142944336
419,3300a294a49c450ca3c677cefada4e93,26.32980728149414
420,a96b2d5091f748c9b7a3ce3c39d80a4b,26.346839904785156
421,0bbcfcdfe74a4361b3af3c511e638ff3,26.341684341430664
422,4ede837dbd7640bb8270ab70a39480b0,26.34993553161621
423,e64fdf03e617424bb04676b0133e166e,26.34330177307129
424,cfe69798722140b09eda401c4bbc7866,26.346939086914062
425,210a94895afc408984a751ae1ed84916,26.337862014770508
426,ae8b7bf4501a420cb77e6041c142cd17,26.341615676879883
427,1155265e21a34304b2b076dc528d36d6,26.3265438079834
428,79b3315df2f247abaa59b8aa5d8bb047,26.33549690246582
429,10959463e0c94fa082093dd086d82331,26.34384536743164
430,a12f2328bd314abdb0dfdbf9bad82add,26.3414363861084
431,1f1f2f86f3684466a5e645ab1c0776d5,26.328954696655273
432,1a621fcb004c4ff58a3ec4548c001986,26.342552185058594
433,2d0d1fdf7bc84dd184fc102ccadbc698,26.338260650634766
434,2811844e493c45058711022b5e82a50b,26.34535026550293
435,38a656e2bb97455cb4ca0e99265fcd12,26.336252212524414
436,f1e24efbeffe4a9b958648edd0b32372,26.334054946899414
437,e8ad88c1fb7d4147abf19e3ba19f6e8a,26.343557357788086
438,61759f50a8b84f54809fc1ba3eba0b79,26.34576416015625
439,63a5b39505954c0d9acbead44d78b842,26.32867431640625
440,343ac7e27c744243ae6a93cc90e48b21,26.332435607910156
441,dce3b1323d784e8a9fe3a913132a9d84,26.34222412109375
442,f627a68a5a4b43b0a92c76e5c4c5db55,26.33971405029297
443,05cece2b03bb4ba29a269d19111853e6,26.33380889892578
444,138575e55fda44c19ae5023b2ca9dc41,26.345582962036133
445,e72d7566b1924d218e3eb8c6529a57e7,26.344499588012695
446,7d37c69be5104996978a2b34eaa4cc7e,26.344379425048828
447,9996063bef764677a3c26b71ddaa183f,26.341758728027344
448,32d5170b192e4ffcb7b387e3594b6684,26.333389282226562
449,ef09d532d5a04ad9ac347468900f8024,26.333759307861328
450,ffc256cc498142f28db2ab8e1357be6c,26.349546432495117
451,0711a8f83d1041f187b9d9402b515bda,26.33993911743164
452,39efd31d47dd4fcab2888e0253e28f53,26.337631225585938
453,eb552022aa004a22909a0d9f55a1c717,26.341773986816406
454,8ecb35b65d644becbf96a0eb313205c9,26.346939086914062
455,41b9826244e34de5b1c12c70ce5a3ffa,26.33971405029297
456,84be1aa93b7e4ef4b78999d4d5a42926,26.33676528930664
457,782b908640314b6a9ac9214ced7b1763,26.346874237060547
458,3113c01f9f014656a2498de2e1895d28,26.343563079833984
459,d583feb209bf49979a669b3e88fe6d60,26.33971405029297
460,4744e4ddc435413eb928a43cd8961add,26.332616806030273
461,4e14aec8957b4a98ae59287836d6d1bd,26.34330177307129
462,9b58125de3f64c189d01a3af249f6ff0,26.344635009765625
463,aa90fdba1a72442ba5b5080fd0685f12,26.335498809814453
464,59f922db412f4c3597f37c7e2a5c10f0,26.33993911743164
465,824de59cd26846a29fb0f73c566b2eb2,26.33971405029297
466,72ff440a421440c8ad66bd5ca78e541e,26.34064483642578
467,b920a6d2d558490bbc352ac53fa15be7,26.338947296142578
468,24d26fc6db284ecf99cfbe9b7358ba45,26.350610733032227
469,03c897ed94ac41dbaa05ec9aa7e1ca6a,26.335586547851562
470,f07dee12ee7e4d72bee21e7d5116991a,26.342554092407227
471,cc651acdaf164d698e5c8b73d03e8116,26.350631713867188
472,0d12df9181ca44d097765e42073aba02,26.342554092407227
473,213afb604a854a80946fbd1ecfebfbef,26.34255027770996
474,aebe0038150749fb83f8d4991a0a8ec2,26.347545623779297
475,4e3d00bdb38442138830abbd43295c4f,26.339092254638672
476,a31e1f5ba9114a6e895830bc26d5c2ac,26.339006423950195
477,204fcc0b5a504fbfb1ee5a05a45efdcf,26.33205795288086
478,26c67924b8f941439dbbcf0113fa1d3e,26.341386795043945
479,da1b5a935a8d4ea2bf4b30da40aea55c,26.34992790222168
480,835a2af6c8204af9a7b169347e7a254e,26.338260650634766
481,6a2aa63f765741fba371b83443fdf60b,26.346267700195312
482,915ef2884e6146a991f3c2ee1e854764,26.330400466918945
483,d1fa6d60efc14144b998488321e2f4ab,26.33051109313965
484,4d8d596e5cdc46eeab8b702afeaa0f95,26.350624084472656
485,0faac71b1c654abea96c94666593f3f8,26.347118377685547
486,fe2752538b9441a9ad2051b205713839,26.32746696472168
487,71ad77de5676472b97c4b05ddf27a367,26.32936668395996
488,a41b3298967646e7868c01abb7ca8cab,26.34794807434082
489,cdfa298545de4c048fb0eb35b67bfa4b,26.350624084472656
490,66bd6277134d4cdda07da209da2b1ecf,26.341190338134766
491,05ba1e446c204b0cbd0f950b8032592f,26.343446731567383
492,2b027305393749cbbf84742a1f1cba82,26.337553024291992
493,597d5549636849d8bda3f91993b01719,26.33875274658203
494,99bcffe8fe12483a99b0e1d6bedcfaae,26.341867446899414
495,a5cafc1770914cccae7ed5c4cd6c51f7,26.346961975097656
496,c78a4db0bb32414baf265d473bfa1609,26.33319091796875
497,ef86fb1340cb44abb93a20b2fbe20858,26.350624084472656
498,a1d2e6aa136e4a3fa94ef69208654d35,26.34018325805664
499,1ea868f28adf462f86e87603d9959be0,26.33934783935547
500,b1e9c9eb6e6647a0a1f3140af4fe72ff,26.350624084472656
501,08411e53fb6a49baa401adc34f15c1af,26.33780288696289
502,1eab1e43e41749ca8227e273db2a0035,26.33460807800293
503,f610380f0c4a4166a747465a8de1dca3,26.334598541259766
504,d4477506b1e046cd8f16c6d6dcc46830,26.339582443237305
505,4c83aa3bbd0444548ad3f802f75619c2,26.332868576049805
506,913267a016604f118381c1ce6e6ba489,26.33305549621582
507,16f1df2531884d63950f255f0bd1895a,26.339805603027344
508,c709bc24a2fb4b17b6b1e673518f67e7,26.340526580810547
509,3fa804fc245f4f76be0aa805b518b7c5,26.34255027770996
510,0070b5a75eec40c98fda50f3ecf7a470,26.34249496459961
511,edff2bcb1f8f4169b80f5e4d3c9dd302,26.337257385253906
512,e2ba4f83db5b43edbdd020148764dbc3,26.34018325805664
513,74bf4430fc8447c1bcb95ed04887e600,26.336002349853516
514,69ddf93bfc6843afa6981a60392a6ff2,26.34031105041504
515,35119e644e534d19bffa8373f9982d2b,26.350624084472656
516,cc0781d9aad147a886df5640ea9e6922,26.34255027770996
517,dcc05727bb55414a83a49fb22b87ed83,26.342554092407227
518,7f68fc1c69d043678db86e370c96ff11,26.33690643310547
519,cd443789344349e4924b2252cba1a88f,26.34330177307129
520,f55d7ea9371148db9a00b75ea2df59f2,26.33971405029297
521,e58fd930bc6f449da3fdeca6687badff,26.33861541748047
522,fdac34fe8e694128bf23c34139fbbb9e,26.327672958374023
523,2b95b5b7229449b1ae0bebe2d2100e7f,26.349538803100586
524,5dadee812b3943239467a9a3c3fcd23b,26.349056243896484
525,266bcec89f9749048b043a805a6d0345,26.33877944946289
526,280ebad3df7048a99243a3a4fcfb836b,26.342660903930664
527,83840d244640474b84bb2d3bfefc737b,26.342554092407227
528,ae8caaca42664e22953e7736819a5359,26.328954696655273
529,07685a2da422449ab83d8532868d8395,26.350624084472656
530,f71f8d32617d4b79ac2697548db2580f,26.327672958374023
531,ca950a5c4e58423581c0ed944f25f022,26.33971405029297
532,d768630e600f4df894d9cd5ff1b1499d,26.350624084472656
533,9b999b3e71a3425abbb29f11faa4b9ba,26.32936668395996
534,d9af9195163f467ab3c85fd1e8325cf7,26.336002349853516
535,5371fe18d74e4f53b623e7a0da060864,26.333253860473633
536,84bef23995cf4e6f9c11fc6feb8dfa1e,26.34993553161621
537,8eb5954a1b754a948c936e06ea3be148,26.340620040893555
538,df67fce1db8c44a3a8e7a7922e03720c,26.34005355834961
539,7dd37e29138d4404877c290440ba3675,26.346839904785156
540,087d33458bfc42bda465a6d2e6416166,26.336490631103516
541,6ba7d51faad74e76baa45a4c485a87bd,26.345029830932617
542,2536038e2bc54cac8f61292464c07816,26.335636138916016
543,526ebd842ad74a7db82cc0c966372e8e,26.329679489135742
544,aca526a0b8194c43a61fe4b8a9bcfcdd,26.334617614746094
545,49695c11e4914e9aaebf54d5e3d6286d,26.341615676879883
546,7bca6c40582e45d8b77f47de2d79707d,26.340246200561523
547,c250c2244e4544c09ecd0005cc3e0def,26.346839904785156
548,dc61d1c9412d4be9b1a74bc7a32c2ca2,26.337100982666016
549,df777f7e26794956a2dc171209d2b0bd,26.34256362915039
550,507a422a67e240c9bb04156b82a0e02e,26.344036102294922
551,8b5d2a794f33440e9ac56a3ed020daf5,26.33681869506836
552,025356f65d9c4eb693c1b133f1f1cda5,26.342836380004883
553,007081c8d2784dfb9d7305e0b7f5b056,26.34473419189453
554,838eaf95bd9b4b909475705c4a1be2a8,26.33843421936035
555,3fa2f6e16be048fa98ede2dca6de106f,26.328954696655273
556,05581ad4e5e54d278fc9d7a073df64c0,26.340723037719727
557,ac2106fffbac4c01b2c10fdbde9892ef,26.349241256713867
558,e3f004f12468467a8f249612c688709f,26.336288452148438
559,82757f26d791461ca8d3252da1e13cca,26.34031867980957
560,ad5e839a4c0a4ba28f9dc5302d7e0cd0,26.344179153442383
561,feeecd99b1c0462d8ec47fc8b7401efa,26.33146858215332
562,590ada585e0943dd90e140d9bae130e4,26.350074768066406
563,d406ab4bddc84fca8407286be0e1b68f,26.337541580200195
564,00c075223c804ec9afe355a97f2d7a9f,26.336633682250977
565,8aab58bf40214d668ecca4595cf8e161,26.33491325378418
566,705ef694bbce4682b8533fa841df0fbe,26.33826446533203
567,d29b7f79bf92449193050b359957590e,26.339092254638672
568,caf5f91e89e14429a572fc372f60ecd8,26.33216094970703
569,b6138fb19fee46ef946eb1e34fba90e7,26.336353302001953
570,5669bf2656f14d1bb9c16599359ed7dc,26.344600677490234
571,e64d344cb98e4c1fa25bf5e50881b109,26.329547882080078
572,b6ed6421c3d543d88af4625ce7f326b5,26.339889526367188
573,cfd6058904144e0abff64307b30168c6,26.332904815673828
574,0d992e3ab790405dacfa45974566c1c9,26.340763092041016
575,d4b7dd409e424059acb22ce6f2cdded6,26.339330673217773
576,848b3e65dd5f4ae0bf5fbb516c831103,26.341310501098633
577,da1067c4b36344ac96f044c744b447ee,26.32980728149414
578,53bb3d9adcba4914bddba9c456b2bf3a,26.342554092407227
579,33bfd80ed04b4cd88155628e6ed1566f,26.33710289001465
580,97d6241e288f413e84d37df581b49484,26.342554092407227
581,4bd4764fc4174a509e53180003d036bb,26.35767936706543
582,4396a075c88e4c319c2c1cfc7545d84e,26.340219497680664
583,20102805b0c947cf80f612161bdbbbfb,26.328399658203125
584,fd1c0e1ce5594235ba7b1cd63f2d1889,26.33599853515625
585,7a2eb7d1d72c4f2898e8cc89c58dce1d,26.34248161315918
586,5749b9ee62834992923b86b478cd9114,26.337621688842773
587,2a68b4854b3343e09d39e8b9830d6579,26.34161376953125
588,a784e14839db469c9a6360bbef4f5b4c,26.340526580810547
589,65bfd0c4de0a450c99fbee67f8668905,26.336994171142578
590,cb2f8fb4d8f5485bb53e6b92861a1102,26.346189498901367
591,93da9a348a6b4456b6abd457cc72282d,26.32936668395996
592,adcfa9d5ecf6471c8bd3febfa2feaf41,26.32936668395996
593,548365a1a0e04985a34db6e9a2b6fee3,26.337093353271484
594,717af8cbef304336b41222f1f29f48d2,26.342554092407227
595,a182949859ea4d97bb42e064ccd3ddf6,26.328447341918945
596,9b17aa7d74aa4901a4210065dc5693b0,26.340545654296875
597,ab5c83b52f8d463b8b9ef40e6f999436,26.33610725402832
598,4e6d6cbce8104b44a2bcb4f7e8f1d5b3,26.339719772338867
599,8e8afce791f04fddac610e018a6f2f14,26.344715118408203
600,9ac8efb6c56e4ed2a5c5c3635c359f3e,26.33824348449707
601,0e7dfe9f142944409abb3914b0a28b56,26.336509704589844
602,ed3ae7d8ba51408a8b4b5a34de2b7429,26.350624084472656
603,e2f3f087fcab4ffab1a774869bb332e9,26.335908889770508
604,93974e0ea7434db6b34bddd7efac8fc2,26.350624084472656
605,48ba10cee9314b1aa90cdfd45c219fc3,26.342540740966797
606,781773c3089c4fa09751f1b21909d861,26.333316802978516
607,e4b7da272d7e48539b58589cbb3c91bf,26.328954696655273
608,2573d3d38683444ca848aabff1e70d15,26.34092140197754
609,0b3ab464051a4b97b5a10ab15241e1ef,26.33971405029297
610,54903b4baa434ec19f6aea64ff30acd4,26.33856964111328
611,30949d9eddee4247a9fdc13d44087729,26.340476989746094
612,9b05a879a6d447f397036e305d401f0e,26.333303451538086
613,59860beb957f46eaa66e1c53f0489e5d,26.33271026611328
614,badfd7fe0d7149e890c0179e2256c901,26.34044075012207
615,d53056896c9847ae8988ab0eb26c73bd,26.34688949584961
616,1d099d3d091b4f6289bbee0b15386f70,26.33867835998535
617,9f133473257b427987f99e92ff6fdd3d,26.345365524291992
618,4b8bacf1599e49e18752404ea281a100,26.328954696655273
619,4ba9d3375e5846e4a5a94287bae5ce6b,26.338964462280273
620,042b541906884b25a57541b7797bb70f,26.337862014770508
621,c750c7a18bc04b61826d9c48717f56e0,26.338932037353516
622,76816401ef6a49e28adf4027631caa24,26.334331512451172
623,bc25126c1a1e4071b1dc54f7a775495e,26.343042373657227
624,d3d18d1ae9074e959a5c218abfe8aa38,26.350631713867188
625,ca94eca37f084ec299bbd1a2080efe92,26.32936668395996
626,155a1853b3e34025b42381a699ec44d8,26.345365524291992
627,85ad7276357947548dee7bdbf3367606,26.34685707092285
628,cd202b3650254746a8bd6656c80fcd7e,26.33971405029297
629,8c88899ccd634f3baa661fd872da851d,26.34493064880371
630,8fe6e12a0c4e411e9ec5989c8cdbbd28,26.337793350219727
631,ec5e1bc8a50a4c8e9c9956044f017064,26.337705612182617
632,a3d4992f1ed940cca3e53b6619f355f2,26.342554092407227
633,c0457fe646e94c46ba6dfda62fa17bde,26.335351943969727
634,66534f16012c47df9615fe4e69fab5cd,26.342723846435547
635,c82ce1c4d67e43639c62b77ac6792624,26.34256362915039
636,781f31d5446147f59c4f20dc81fc437c,26.350631713867188
637,c6eb4e8f8dd9438f93c438b0cc3396bb,26.33443832397461
638,3e6f44f2e0dc47bd9c71c05e93656701,26.355287551879883
639,1093fc36be7d4e478de582a7880b98b8,26.350631713867188
640,d149bdbf638a45379149709eeecdcf58,26.3405818939209
641,0257a94954d945569c0743a1bd16fec9,26.335529327392578
642,09d1cbb6c1d2452fafc4382c7a7efacd,26.34004020690918
643,d160dea6e5f84b0aada9feedf6e91801,26.337512969970703
644,6c5251d5fb9347e6b33f89a8620b271d,26.34256362915039
645,984456d5edeb41f6a6ddfaa3ceb14d58,26.329790115356445
646,bbb0ee41f47d4963a26da0ceaff4a9ce,26.346017837524414
647,1e55c961e881475997189fa6cfccf91b,26.334308624267578
648,38459fb7cc8f45fb9799b08b76016c9c,26.342554092407227
649,bae775af98cb466893c264ebb0938a1f,26.342554092407227
650,325f8acf45ec4d07a7d3724db4497932,26.331623077392578
651,a7d18bf2fee041c68b78ce0aab098d30,26.336509704589844
652,117a7d96631d4129a77d7eace1ede8a3,26.336509704589844
653,5e3291fdf0884fc589db46d71dff04f1,26.342554092407227
654,74c9e791e32044fa88d1c5180bc0d1ea,26.337100982666016
655,727797ad41434fd89e3efd9b77da399a,26.340219497680664
656,735b00713b254de1bc614c08688e141b,26.349430084228516
657,f41e580339414c31a7eb9c7d31fc9f29,26.34549331665039
658,e8e7c3c0b0cb42cdb07b66ae26fa1ccb,26.33310317993164
659,2372ff8bdaef473a9f810e0b7ab3986a,26.343975067138672
660,cc508f940f9b4bdb981e7de8f6efa431,26.338274002075195
661,8715bde0a96244d7944f6587393a6f30,26.34097671508789
662,28ab08aaf02c4f1a98389c05f0d5b27c,26.34134292602539
663,9ba1e15ed2754baf8b784c1006859510,26.33211898803711
664,368353f9fd054787af5dfdb394cc2279,26.336755752563477
665,acc5a92327d74860a44c347c50d843a5,26.34261131286621
666,d4f064d11a5e43eab71c49e9937532dc,26.34246253967285
667,2059795804b34611b4aef58d9a6d106a,26.338420867919922
668,18b05632583848ed84c1918d3033004f,26.330846786499023
669,19d281b72f5544238aa7d217d6538ac1,26.34517478942871
670,c66e2b4a9d75478491046a05ba36cbcb,26.334197998046875
671,28e0b254b95e4442a40c73cda6fa8aaf,26.34493064880371
672,f291680305414c84853165333b970119,26.333093643188477
673,9edcbb43ccfb4d0a8215ae4ac52268d7,26.337566375732422
674,d1901e6643244aac908f33bf280217b2,26.341928482055664
675,502492d747ea4df79948ca2d7c25749d,26.344738006591797
676,aaca7facdc514648a1d9cb6a56e8233d,26.33243179321289
677,61182a6ec02e4768b8fb63a156844485,26.350631713867188
678,1cf78dfef7154df4a7fd9890aed4d71a,26.350801467895508
679,5cecb5cc825d49e1803ed307657db28e,26.34077262878418
680,a3bbf0a96fc74fee9dca594d304a1bb9,26.34517478942871
681,6a29d7ccde944cd3a203dd73add529c7,26.329866409301758
682,ee41568aa6bc4dc4b9b3fe1b9746fed7,26.33705711364746
683,62df58b534f0401b89bccfbe940aa4b2,26.334941864013672
684,3434131303914ca685387ea20f9e4037,26.336645126342773
685,366199af91134a00853b4ca9ff885013,26.33230209350586
686,f348af9c6e5348419198942abcd19b65,26.33971405029297
687,bc3af534f7f047879b9a5ba12e7427c9,26.335643768310547
688,df23089f1c1d450ba571bf03e8de52fe,26.339712142944336
689,aed522efe91844ad8684f2fb5e54e5a8,26.337631225585938
690,3d89e9318c0f410bb10a818e0fcac417,26.346839904785156
691,9a7d3a3d217e402d933aa45dcfdea616,26.33783721923828
692,2717227133d8458eac0adc11e2fbccc4,26.342777252197266
693,832a91b96d1d400ea3576c8452769b0b,26.33527183532715
694,14be8e8e3d5c4503b3dab50877a38213,26.32544708251953
695,f97156dc8bfb484fa67347e08a154d31,26.338212966918945
696,5d0cdb0dd0cf4cd29c45b3a0d845acbb,26.342554092407227
697,d062333714ac4365a20ddc4d279e5386,26.350624084472656
698,9003eccc62914570b6985ae091ed0b7b,26.342016220092773
699,4e954d390ec54c5e8fa1586683a37a7f,26.3336238861084
700,89473c840a1c4fef8b31b36bb8155bf5,26.341190338134766
701,6fbf8ba08b2340159f99dffe138fa3c6,26.342554092407227
702,69af3e530d674fa6bec4d0e9b28f4e72,26.343460083007812
703,c9f9a4e802b24ca788be827c46dc61be,26.336002349853516
704,7a6a7e44aa174b12953dd8b713434127,26.343305587768555
705,eb5cc85ce1284002ba6f77a7134b27d7,26.328615188598633
706,2fc4da7dcbf544fda7aa6739f8f11df0,26.333606719970703
707,bfb52e089a4e4a778220a275397742d8,26.350624084472656
708,f96e3e883155463b96b606cca195ec53,26.327672958374023
709,3e117e1c2b074c30bec103f801c388a9,26.33971405029297
710,6412f8484266488d82947a703257df4f,26.3330135345459
711,a6587567a7964028bd786a63740f53ff,26.33853530883789
712,cf948c0217604f8cb10cca5633c971af,26.355287551879883
713,c90e62f8ea264f6386f9e2ed24181fa9,26.344970703125
714,2d41539bf4394924aad0ccc63f957857,26.33971405029297
715,79c0decd7db64913a86c87a96506100a,26.345365524291992
716,4d6387a50ec94af983c6afb770d417c9,26.331920623779297
717,823a5b970eb044a9b031867d5ea02bef,26.32468605041504
718,27a135cdaa044d2f80f7bba913aa39ea,26.337541580200195
719,068a33222db44784bd531857613147de,26.350624084472656
720,4486be925e154f78a795353277ef868f,26.34507942199707
721,d2ac6214c5904579917a0eaca10a5b3a,26.34255027770996
722,2c5f8248497f470887c439dc26be3a79,26.34236717224121
723,ddce60f302bd467196de47983305468d,26.326900482177734
724,5754d5885c4a49ca9b30f4cc62ae7ddf,26.32936668395996
725,c048c4f8239b4e42bd58cdff317224dc,26.33971405029297
726,aa8ac0af9eea42c384e40488e65317ad,26.33384132385254
727,910217364a9a46e49ce3688f429b3705,26.3265438079834
728,78367bffaa034c9cbf26cfd0d15b5b87,26.340290069580078
729,5a34f34d56bb46bd9d2d2963ccb67405,26.346017837524414
730,205b8dc00aae4c998d7447e74f2b4555,26.328872680664062
731,4d49ea2c757a47099a6eccf9316fc843,26.342554092407227
732,4bf5329348c4481c9a6e46ed8126d6ae,26.341938018798828
733,03e3d799fabb42a3986f7b98ef83bbac,26.342554092407227
734,36d657e8e291408e8f34d11e13726fe2,26.343950271606445
735,0b18d1d44e474c5c9a55883f118bfd09,26.337509155273438
736,de1f30a250f442e69f5615b490f50b7d,26.34018325805664
737,b0848aa3afbd4e359139552bb5d7e073,26.340457916259766
738,367c5ff021554daab71b4eae13c749f9,26.33822250366211
739,d3f26729c29c47b8a29f65931063cf45,26.328954696655273
740,d1fbeb32d24c431ea9042605ace6d511,26.34993553161621
741,cc96e5232c9a44f386ae3616602da90f,26.335304260253906
742,4d283eb7b9e74bde85b91d372d7cf885,26.3449764251709
743,5fb0a08672a04a068d3f98156127097e,26.346961975097656
744,7c8a5be5d917442c9b68303e09c46baa,26.350624084472656
745,13e3c779feb248fa80ab3b9a957a7535,26.341636657714844
746,b4d0e97cfe684e4aade58b23b16f03fd,26.33322525024414
747,f9d7cc4abaf64a879b28b48f62bce13c,26.350624084472656
748,3b83b9eb80dc46c7990579a35557529b,26.34354019165039
749,329b03c7dbb64512b99c212fdc49c28d,26.33840560913086
750,da30f0c698c947ffa5e9365f6be7b570,26.336191177368164
751,ae18db7744e54b7e8d8b0dddc77828eb,26.31498908996582
752,16f29e4b133b480c92dc6789c01ce603,26.336509704589844
753,dc0b4be46a5e4b50a9df5bb5227f5889,26.338176727294922
754,a550c08aade74d39884e2ac1d77ec976,26.34255027770996
755,1e8f1be65c6941ddaf0c5c759a5c7ec4,26.328399658203125
756,f1ba465f454a41b0b4c74f79d1a53383,26.3355712890625
757,de18dd83f8d744f591271badccd60cbe,26.33256721496582
758,defc657b745b429e87dcf0362bd86357,26.335317611694336
759,bdebe809598a4ceba9c1c35434ff7626,26.34286880493164
760,188af56374474d559d7446467d904ca7,26.33999252319336
761,88c61e8bb3f34357804fa88a309ed3cf,26.340219497680664
762,b6c760b3c6e74f3684953147795ccbd2,26.33129119873047
763,9eb68129581841848837ea838e20405f,26.352554321289062
764,9c587dc9873942f7956a6f6343f42d32,26.34035873413086
765,83be81716dbb40448f3331590c649252,26.344146728515625
766,4daed2aacd6d46d792e0798360a04e93,26.328399658203125
767,9dea645695194df1abff85d5193a55d7,26.334518432617188
768,19ec41335224470ea595728c7588af55,26.347557067871094
769,47c42574ed6e402f8f6d621eb19ace97,26.33560562133789
770,ae65cab4b7794796ac12132b1f95908b,26.338382720947266
771,73ccb301595a44a7a90ec67d6b97bace,26.338953018188477
772,059dd0a1d5a5464eb9c7b944067c3347,26.341094970703125
773,fcf03eae99274630a30d15762879a386,26.338420867919922
774,49b325de17744544adfa5f3277747f5a,26.351444244384766
775,4e86c04830ac427da285f8a39b0c931e,26.344350814819336
776,1264a018dc2342b4a15f8b0dddc67eb2,26.343746185302734
777,7d4b5c6b00c14cd59ea298252ba50c70,26.34255027770996
778,ce1fa80232ca4d6286cb732c8db8f66e,26.34676170349121
779,9e5ad38a1d1a4abda82bebad8e68e3e4,26.34696388244629
780,9f2e265a3cf44b65abebc1be43f68f77,26.337509155273438
781,927e67bca88c49a4ba7e8a1dc3b11ffb,26.34286880493164
782,4f02b87c54dd47d0be0cbc337a997a22,26.331478118896484
783,ba7ae8d6c4924a8cb6071bf2c9d14f16,26.337385177612305
784,2d69e07eeec447c59ed6b7b05a7b1694,26.344968795776367
785,460891e3b97343a2a2c6959622ea4634,26.350631713867188
786,c1499dc52ccd409e85ef08e10e341dbc,26.34386444091797
787,75b13ac5c6bc4441a230f3df79875df6,26.338754653930664
788,740d083182274a859c995b4278bc8361,26.33964729309082
789,26841b08c3164ee8aa167e208917ff5c,26.34168815612793
790,d8dc43157c6946599b419c19e9cab46d,26.346839904785156
791,281b11907ee7418985ff7217206ddf36,26.338823318481445
792,c0cf15e5a2df45f799a3896fea4d9ffc,26.329910278320312
793,716a58f5aade409dafc67e4ac5cfd5ea,26.33956527709961
794,4179e66befe94390a9b8bbfaa9917c8f,26.334331512451172
795,16186e82d9a24e5ba15cb81ffc140926,26.340219497680664
796,424fe8ba445b4ccc9dedb9129974aec9,26.339405059814453
797,f9c25ee1400442b28683e7563f0425e6,26.33774757385254
798,0e545493c4d247ea9aa6ab6c0ff26bce,26.32357406616211
799,fb1a6bf0114744d9a3bdd2a20602022e,26.328948974609375
800,f8acc3e8e14d4aed9290eef80c851039,26.349538803100586
801,07ddedbb3ebf49bd8b532f6a93856f24,26.336341857910156
802,cff8db94412b4428b7e653c21f6e98bb,26.342533111572266
803,d998b490aa5542fbac34ea1d032fd722,26.335477828979492
804,24bdc73af3ce484aab8e9ac535329f64,26.332565307617188
805,496bd394e6634b38a6671444f49810b1,26.34992790222168
806,40c30658a8a34f598f0d15a1fa28f8b8,26.345582962036133
807,e6acad12ccc24fa3a7daaa9573dd3a01,26.350631713867188
808,0a2c73aeff014c5a8c411a35edc3820f,26.337926864624023
809,ffb7a314fc56419d8c466cce01ec52b3,26.32585906982422
810,dfcbb8b8665f43639207340f835da28d,26.34013557434082
811,9158b514f356494989dddc28c0eece72,26.346940994262695
812,fbbc4643b9c6477fafaa9b1ea227ba5c,26.330846786499023
813,28f721973c1a46d098febb029bf98530,26.338382720947266
814,663cd727d05e4fd38770179af39cd8bf,26.338138580322266
815,06fc8dc2e5a140488d9640af1d855dca,26.3350772857666
816,b361e093f9804773be1581b3ac1921fe,26.33211326599121
817,ea8e3afa390442bfb5ab5511802ca364,26.32936668395996
818,1ddf7925dfd3479c870619f44baff7e4,26.33179473876953
819,17cd8bbcf1e24b60b086503760b54078,26.339542388916016
820,075ffad6e5c940ff967f3c7105cb9046,26.32938575744629
821,2c20e541a4cb4d45849e19c9543dc5bd,26.350631713867188
822,4e63f615cd974909a7f3eeda8b64b6de,26.332073211669922
823,f9f6cf585a414ba5a33d3143c57cc69c,26.341449737548828
824,e393c943e64f44debc904dd7b3344f7a,26.338138580322266
825,1c91add987f048bb8e7e3801c843273a,26.341108322143555
826,a3bef9a7dd934fbc8f50bb02a2f71828,26.343685150146484
827,c470835bbe314ffc8d7c9a7505ed0e9f,26.340118408203125
828,3635c5d9f0394a5dac73da5274b0ba35,26.338409423828125
829,797c34e7df104c6189db55b9d9975c1b,26.34001922607422
830,65d00fb1dfa24385b09606ca4c9de568,26.338342666625977
831,2ae7843cdf53434fb89e0b691849bac1,26.333234786987305
832,1fa226f5fc2940628a02680fdd32f582,26.316940307617188
833,f7eee3f117ab4a5ea1e050c766e4b318,26.339872360229492
834,b071011cfeb644888cbebc5fbe4df3fe,26.341718673706055
835,1f9b2a36e9be47329324bf765e48d01b,26.33395767211914
836,918333bf4ff245b983492a77418e72bf,26.33805274963379
837,8b81bbf9e93045c4b80f7c8b82d22c64,26.343046188354492
838,011576c1bbe6461baff38b41352785fa,26.33971405029297
839,2d9619763ee8408599f40e33fbb33e0f,26.342491149902344
840,3b7d8ace3ce5454e88e02b8a11297c96,26.335765838623047
841,16d542707a1647c7b12b1b505e7144a7,26.343557357788086
842,86ff594619f845b38f734525cbbd7c58,26.338308334350586
843,e2585a102e364be2b7c41200f61db7bc,26.350631713867188
844,86c5b1d9139e452181f11b166437b9ef,26.350624084472656
845,52b71bd8868b43f09ebaa88ed2e913c8,26.33961296081543
846,5570f09ea1dc4a5f9116c404810dc542,26.34073257446289
847,543bd52493e548eaabe346a5bd592765,26.340526580810547
848,1fde385b84bd4fe4afba49d7aff6191f,26.340362548828125
849,7b4c110861d34c289034c656c52b5425,26.338451385498047
850,130c8a939cba44d790397e629bc225ae,26.342554092407227
851,fa70025b7c73421091f225b13f21f113,26.328954696655273
852,4ea43645bbe0443e8ac2432cc2acd739,26.340328216552734
853,b7a03f5abd0a41b3ad0f88fe3f70e589,26.33971405029297
854,3961cf516974440b92d4df7c36b2a06c,26.328975677490234
855,7546f1432b1c41ac9218b3d9786b5941,26.341835021972656
856,9bb01b7f969940febc8dee18070e4a4e,26.33866310119629
857,d62cc68afa14458f88aa2800ce1fc788,26.33971405029297
858,c54a79fd1c33433ead45aee694733eac,26.341867446899414
859,e31531b6acdb45b88351ad726ea6266b,26.342554092407227
860,a0662b5517e542de897a66f2f0198eed,26.325801849365234
861,b508103fc0e5451588f4e16cdfc47184,26.33971405029297
862,9aba540263074245a79ab041e17fe21d,26.342554092407227
863,49fc9e1e755b40c6b91fa19d56925fd6,26.33324432373047
864,1ad6825b577a4c138309967a9584c944,26.340892791748047
865,91e83c9fccad4b4f9df1c8fc03e9be65,26.34535026550293
866,3d4fe4e0900243d185263d4e07d5a53e,26.338865280151367
867,89c99cfc71c747e1ae11848daf44097e,26.335298538208008
868,a9a0464f44104dd881f234fee9a10a0c,26.340290069580078
869,64fc199c98154c2881c79c6a1e40da1a,26.336509704589844
870,74fd076e94ab426a9925dbabb2ee0e88,26.345365524291992
871,eab3a17e560e457784c06667d2932a09,26.32936668395996
872,fff5b046083d47ee80bc40ed9f76412b,26.337369918823242
873,3f13d5441b804443b864869c288fcab8,26.32942008972168
874,79e3ad65fa5340b4bf63c35ebd0343a9,26.343393325805664
875,28cc4cc7373d42ccb46811d28a48a003,26.32670021057129
876,6d00b4d53165471387dece52cd9f9601,26.33993911743164
877,9902ce13290541c69b655623eb0ba925,26.335176467895508
878,e77a54a92fca454abad3a79d55a34fdc,26.338138580322266
879,b6df0f5ca0ba4d96a07c93a0e1d16852,26.342342376708984
880,bb97d4a1d4174affaac7770a6cb26142,26.334033966064453
881,ddaa077eacee49de97a5590431af62b8,26.33993911743164
882,39cdb8b5901c4ffc9f11c21e40821641,26.32845687866211
883,d1893cc8b5f0403b96524976a7959950,26.350624084472656
884,ade62d4f1c3c41f68ecc63b18da1f0a6,26.32980728149414
885,ca7fb19086074d42a5cc6d15fcf35c26,26.332870483398438
886,2ad1a2b5c36f4d2da6273b0a7e6c7a3b,26.337556838989258
887,f09a51e679014d9f8b51c8699305cf14,26.337778091430664
888,34cb265222ba4fb6a23c2e7cf9a3843a,26.33220672607422
889,829c46c988124d4cbaebaedde9f8c8c5,26.34032440185547
890,d85d4428d34e4bc1b26a71beef0a6338,26.350631713867188
891,64c535c2aaa949759320507440cdf970,26.332731246948242
892,59e16a0f98f24ac285a01b5d8b6c20f9,26.327098846435547
893,397c93ef73de42f5a13800640a36dd3c,26.340547561645508
894,c91c5649c54842419d60a5a2d31161cc,26.332889556884766
895,f1b9fb14ac6a48c2967335631b6faa97,26.350624084472656
896,a6d408c6a2f147a6b9ccb3c39125fae7,26.342870712280273
897,ebda427181024b4a86b038fd6160f9a0,26.33877182006836
898,d2264da06f4444e5a853c90d5f731ac0,26.343374252319336
899,f5c2ad21af3e4202a130fa49a6eec6b4,26.33877182006836
900,864c4ec1536d4764bd2cc1be851bdc91,26.338420867919922
901,7ddce426a9874a8eae670a133bc9f945,26.331336975097656
902,92ca933ade0f451eb9a004c03d70f69a,26.326812744140625
903,cc7493fa356945cbbac85a80bc1b355f,26.338420867919922
904,d1a433ca94264dada76b13cfbf8aef73,26.356603622436523
905,14ee41234f7442a78af178a0337a1cc4,26.34018325805664
906,664c6db9a7f54cf99833cdf5dc69ce07,26.338228225708008
907,3bbcf3cc406c464b964696a648fa534e,26.33681869506836
908,58ab19ce48424780bd50855c25752d5e,26.339359283447266
909,72d6b8d25e7443d1a2f46d6f37ec8281,26.335800170898438
910,8906501a397f46b6a99d6608acdd5a67,26.339040756225586
911,11ca012857eb4dd9ac6bbff380baab9d,26.34088706970215
912,548e737b21034ce89a4d13c833dab402,26.33317756652832
913,e6ecba8128ab49a7b86e81f9592b940e,26.346839904785156
914,d658e576168a4f4ea6a10a5fca3f6beb,26.342329025268555
915,72eae6d36df948a39befceb8542d8273,26.345365524291992
916,49a2746449044e169d272e5093325f69,26.33462142944336
917,362d70c6f6734c2c8cae22708634451d,26.32936668395996
918,50ec430642f142d49b3331e563b4e48c,26.340473175048828
919,34f7aa595ab347429654c93fa2ed1368,26.333789825439453
920,eb243dab46c348c6bfaecef01b2fb633,26.33205795288086
921,b50fc64c415846d080147284ddb9d51b,26.337541580200195
922,77b1ef44f5b74154bf611b0ffb735e36,26.337575912475586
923,3cdb19a2c6e14b00b4b199fb8af305ad,26.346839904785156
924,99d81743275e4e4da1c7ac872eedf0a4,26.341320037841797
925,3e58bd172844477daa63bd9cb1e93fd2,26.3391056060791
926,d06170f3f5394832b44d25b5d63438a7,26.347864151000977
927,dfc52b80a9f94df3aa0ab24b270f5484,26.342554092407227
928,b9af4d7f640f4240b7304b70a8fe1106,26.350461959838867
929,1cb8936e662f4c7e9e885de1a80f64c6,26.335468292236328
930,90339fec914c4fe0b978adfa565ff30c,26.342470169067383
931,cbd2a534f6a74a219d0cfffa7e942f87,26.33482551574707
932,ef17ac1db0bf4e4aab352c4cec172c06,26.339101791381836
933,5987788951cd47d79ddf82177a30193f,26.33783721923828
934,0c1c56f79af24c19936c414d2fe9ff2e,26.345365524291992
935,a8a9910863404b0c9bb645fe70b7c1b3,26.335920333862305
936,4eb4cb4417d54fbebd6d0da43954416b,26.341148376464844
937,594debad332c48f09ff6b92c3d329f23,26.346839904785156
938,69942343397e49ed931efdf94386863a,26.328975677490234
939,c1d0e9a366974dc6841ebf509d030fbc,26.34589195251465
940,99fdd983d3094af3acbf59803d1e1fec,26.335689544677734
941,43bf989000324f42a4e4ae4ef68fc6c2,26.330032348632812
942,4a88c18a448d4310aeee5c5f85c993f6,26.340572357177734
943,ca667990df49485cb21292f61bab89f5,26.338420867919922
944,1b652bd94f0b4ae6ade1f001f8433a36,26.342052459716797
945,661e6524c4c04b029f604246332a8556,26.334714889526367
946,ed5dab35d04741bc8debe8814e98e221,26.32843780517578
947,777ec3e0db5f40758dea2112f65a6a24,26.338420867919922
948,fdbb483095174678b50a10cc70d47f92,26.33888053894043
949,743349244d454395a8e21cb567632399,26.33971405029297
950,216bd4a2c0d4413b9b4bc10abbf2b0a7,26.340087890625
951,ac594a5b6124442a8acd7ca4536abcd9,26.351627349853516
952,709362a935cc48dcad34c6549e2d0661,26.344284057617188
953,dded593f79c446ed968e041e3a162c4e,26.335498809814453
954,6dc6409ebccb42628056ef94c03c9a85,26.35186767578125
955,9c09197410b141c3b6755a94c1a4d463,26.34918212890625
956,dc02b66b44054ad0aa484b1803e730ed,26.3367862701416
957,9812c6e5b5d647298b6a131ac194696b,26.334896087646484
958,5ec8a38aa8f24f289de28ec1064c257e,26.341796875
959,692d13d4a0204e1195bfea8738515ed6,26.333288192749023
960,aa402861a7c3414a8ae7fb45e161777b,26.346939086914062
961,28f98e7651c9425bb02dda4a7dc7351e,26.345020294189453
962,f3322dcf869f452da561962a7c01e3d2,26.34255027770996
963,416b8c9b52a8455fb6c187cb12dd68cc,26.340473175048828
964,57c71620ba29426593ba3b20504b50b9,26.34540367126465
965,c97ab0efb3694ada9d2e11f0e22dfeab,26.350908279418945
966,8245532fb6f8457baae6004dd1c658ed,26.342844009399414
967,be095564551a4d85823eb60a0a7f8fd9,26.33781623840332
968,64f1e79244bb45d09498d24d0c34467f,26.34014892578125
969,7014820319ad4ff39def6a5c468aefe3,26.32936668395996
970,8285e6413750481788e9d0b2949fa874,26.350345611572266
971,3d67a6d6808c4dd8895cbc01dd08b3f1,26.33356475830078
972,646c4b304a6943efa481c744bf73b0fa,26.336002349853516
973,6c3ac34830c4406fbeefc31687225e58,26.33144760131836
974,2f043466b9a745f09e20a3234d283af5,26.343557357788086
975,53813ecd834e4514a7d350a7ec53793e,26.33710289001465
976,8506fe7769f845418f11580a01cc5c59,26.338623046875
977,739e7e9cc58b4ec0aa6dd0da9796b711,26.338212966918945
978,49a299e22e634efdad7f91623bc8b818,26.34455680847168
979,fbe2f29b9b8c4329baa4511da64d8344,26.33169937133789
980,1fa3da4deb7f4903a2eff62a6a9f7abe,26.34568214416504
981,869e49e9cb5a4872a3be888333dcb4c3,26.337862014770508
982,08bbc3caa694452b932903f017df8386,26.342365264892578
983,c4800727d7d2446e800906dbcf30b117,26.35005760192871
984,f54151470902458b9fdb8d32f56b0b77,26.33882713317871
985,2655991c4ba240c4aec235f48d929f93,26.34051513671875
986,3c8f0e41e17c491ba6834d1d1e843179,26.342554092407227
987,acc487e508c44535b4078f19d96ab2a9,26.342769622802734
988,d6461e907e6d47cba351d56bb75bbfff,26.345672607421875
989,a106e956b1734e07a8e9ac2b34f09a3a,26.33962631225586
990,c58783e8049147eb913af7a797c46ead,26.33271026611328
991,67ef910d91d64db1964504cf5d660b9b,26.34209442138672
992,377087361bc74beaba21c0b6f39428c0,26.339229583740234
993,869e08f2a437499099e50cf0ab5a7b22,26.350923538208008
994,3122527071eb4d51a09e86a586da8491,26.337541580200195
995,515ccda346974fcfaa908fee4596bb39,26.33971405029297
996,fac5db34481043608396d320d2255ea0,26.336790084838867
997,672c76bf86c14db2b402725f4c5a6f76,26.339092254638672
998,197505c5e84d4910b978e827bfa20084,26.341459274291992
999,cc8b2454f2db4f878df93e5a11a46045,26.339557647705078
1000,ebc4be5c9b90412f82135cf0f6b97446,26.341796875
1001,cba6454c8ab243169c94fbe2d0a0f0ae,26.331628799438477
1002,8f55eb5e1a8742e195c5d56d6d8adb96,26.335460662841797
1003,218cc737eefa4cf98b935fc46d060ce5,26.342554092407227
1004,55d7edc7d2d1451c816391c4bafa37c8,26.33129119873047
1005,7f6cb557c343457b96281e997de1fc05,26.342554092407227
1006,87636658a7414adcb6e23cb51a0f2bed,26.339092254638672
1007,d48ba42c3c5b41f78ac3fd9ebce4110f,26.338953018188477
1008,61006dbc15bb4787a1888f88e9e478af,26.337675094604492
1009,a53d84f6c7a64fc7930f1ec306603e8d,26.339242935180664
1010,232ece90ea4d4b5897fa01f2c1e15ad3,26.34425163269043
1011,79acbc0a8497467495441be6b13bd2ab,26.338382720947266
1012,bd5f91f5b67045e186d8ccad72a8067f,26.336511611938477
1013,f4b95c1eee854c159ccf00fe0b439ca9,26.34032440185547
1014,030c291f333f44b991ec7f1e976287b6,26.344257354736328
1015,e9794301fa944ed5875d71981975b3f8,26.343950271606445
1016,cbffbc63be204d43b387fbca38c1e094,26.33917236328125
1017,5c4c1e42bffd429990aa6874c9a2d48f,26.346956253051758
1018,419e2c681a8e4e03a2cc228ecfd08f7a,26.34446144104004
1019,4efaadd2b403462e8e5897e4fa811952,26.336509704589844
1020,6702c319d4a84986b36c913e46d73c59,26.338382720947266
1021,86381396ea18474d899879f951c64274,26.33757972717285
1022,2f2d2cbf49da44df8f2388820cc16571,26.345401763916016
1023,7cf9ea90e89249e3a73055f3c1c48c01,26.350624084472656
1024,cda94d825cd94ebfaaf41d3ebaccccc0,26.336130142211914
1025,61ca8b68fb4648189e7d356a6f703351,26.350624084472656
1026,b91ef22eced24e0cbd3f04c1b2b736fb,26.333253860473633
1027,aa95d0d222dd455d80fa629302b77317,26.33506965637207
1028,15733b66db664cb78d84d7d801a19646,26.34261131286621
1029,88f11e69e4c64c13b5d87065c9bf2ff2,26.335865020751953
1030,c9c626e392dd4041a8ad05545a2b68db,26.338274002075195
1031,94b98f12d53747db81b97be765c13f1d,26.33810806274414
1032,5f4ae8f7e0ed42dfad9c8e748c072873,26.343582153320312
1033,e466fcfacf6940e6b30d45a16b9d7ac4,26.33441162109375
1034,8bd7cc92341543e8a9f3135048f97bc8,26.34018325805664
1035,904a5dd97f3d4c95a9682e4e7aa79c0d,26.34119987487793
1036,245dc2443846449bbafd9e46e12f15aa,26.330364227294922
1037,e3749ea36be54b808e2d92cf0f2a3f68,26.328954696655273
1038,0b17f72d094e43cfa975f49f54fd92aa,26.340715408325195
1039,dc6527fa99004cd3bd768f8299243d0b,26.33584976196289
1040,78b0ad1cdfd440fcad0cd86831bcc499,26.341148376464844
1041,222102fb073e4e6ca98e81180dfbb7cb,26.346332550048828
1042,a160866091e84f5c8469c3e5bba0783b,26.346839904785156
1043,e6313fabcd8f4694a3b0435fb515d41b,26.337100982666016
1044,d032b0939ec54156b99f2745d34ec01e,26.341615676879883
1045,da610552fedf4a79b22bdf5be1839550,26.336509704589844
1046,9530d29b57954abaadb99eea1af3fac6,26.345561981201172
1047,f71bba321c354e17ad8044835fca0066,26.344635009765625
1048,960428c7b0174f45a8d517f68685482b,26.334308624267578
1049,d0b22146cae6419a929dd7f062cbfab4,26.335142135620117
